,deck_code,region_1,region_2,champion_1,champion_2,champion_3,champion_4,matches_played
0,CIBQIAIDAQMB6IIFAEAQWFQ6EYYACAQBAIBACAIDDIBQCAIEFIZAEAIBAM2QCAQBA4,Noxus,Freljord,Ashe,Sejuani,None,None,9325
1,CIBAIAIEDMSC2NAHAIDAQCY2DQQS2OQBAIBAMFBLAIAQCBA7AIBAMBJR,Piltover & Zaun,Bilgewater,Ezreal,Twisted Fate,None,None,7006
2,CIBQCAQGCYDQCAABBELB2JRHFMBAEAAJBIBQCAQGBABACAAVDIAQEAAHAEBACAALGM,Bilgewater,Demacia,Miss Fortune,Lucian,None,None,4853
3,CIBQGAQGBALDUBYBAAAQSGQ5E4VTGAYCAADASCQAAEAQCABJ,Bilgewater,Demacia,Miss Fortune,Quinn,None,None,4456
4,CIBAGAIDCQTTOCIBAQAQYHBGE4UC2NBWAIAQCAZDAEBAIAQA,Noxus,Piltover & Zaun,Draven,Jinx,None,None,2940
5,CIBAKAIBBMLB4JRQAUAQGBAYDIPSCAYCAEBTGNICAEAQIKQBAIAQEAA,Freljord,Noxus,Ashe,Sejuani,None,None,2878
6,CIBQGAIBAMLCEBIBAUPCQMBRGUBAEBIEAYBQCAQBA4BQCBIHBMMQCAQFAEAA,Freljord,Shadow Isles,Kalista,Elise,None,None,2742
7,CIBQCAIFFABAEBIIBIDAEBQ5E4WC6NJYAMBAEBRFGYBQCBIZDU3ACAQFA4AQCAQGDY,Shadow Isles,Bilgewater,Maokai,Nautilus,None,None,2497
8,CICAKAIEDMPSIMJUAEBAIBQDAEBQILRXAQBAGAIHBAEQAAIBAEBRM,Piltover & Zaun,Noxus,Ezreal,Swain,None,None,2493
9,CIBAGAIDAQPSCBYBAEBQOCYWEYUTAAYBAEBTKAYBAECB4KQBAIAQEAA,Noxus,Freljord,Ashe,Sejuani,None,None,2352
10,CIBQKAIFCQUCWMJUAUAQABQPDIQSUAQCAAAQSAIBAECQCAQBAECSCAICAACQ,Shadow Isles,Demacia,Thresh,Lux,None,None,1950
11,CIBQKAIBAMERIGBSAYAQKAIDDUUCWMIBAIAQOAICAECQ6FAA,Freljord,Shadow Isles,Braum,Anivia,None,None,1602
12,CIBQGAIBAMLCEBIBAUPCQMBRGUBQEBIBAQDAEAIBAUDQCAQBA4AQGAIFBMMSW,Freljord,Shadow Isles,Kalista,Elise,None,None,1546
13,CIBQEAIFDUUACAQFBICQEBQ5E4XTKOADAIBAMJJMAIAQKGJWAIBAKBYIAIBQCBJLFY2ACAQFAM,Shadow Isles,Bilgewater,Nautilus,Maokai,Thresh,None,1390
14,CIBAIAIEDMSCWNAIAIDAQCY2DQQS2MJ2AIAQCBA7AEBAMFAA,Piltover & Zaun,Bilgewater,Ezreal,Twisted Fate,None,None,1349
15,CICAIAICBAHS4OAEAEBSILRWG4AQEAQFAEBAGCICAEAQGKQDAEBAWJJRAEBACAYKCM,Ionia,Noxus,Yasuo,Katarina,None,None,1341
16,CIBQKAQGBALCMOJ2AYAQGAQPDYSSQLYCAIBQGBAAAEAQEBQR,Bilgewater,Noxus,Miss Fortune,None,None,None,1129
17,CIBQGAQGE4XTQAYBAUUC4NQDAICQOCAKAIAQCBJPAMBAMBJFGUBACAQGDYCACBIBB4MTI,Bilgewater,Shadow Isles,Maokai,Nautilus,Thresh,None,981
18,CIBQCAIBCYBAEAICA4FAEBQFBAFRIFIWDQQTUPQAAEAQEBQR,Freljord,Bilgewater,Sejuani,Miss Fortune,None,None,949
19,CIBAIAIEDMPSINAEAIBACAYFBEBQGAICAIUS4AQBAQATUAICAQDAGAIBAI4AEAIEE4VQCAQEBA,Piltover & Zaun,Ionia,Ezreal,Karma,Vi,None,946
20,CICAGAIDAQKC4AICAMEQQAIEAENR6JBHGE2DUAICAQDAAAIBAEBTO,Noxus,Piltover & Zaun,Draven,Ezreal,None,None,797
21,CIBQIAIEDMPSINADAEBAEKJZAQBAEAIDAUEQEAIBAQAQEAICAQYQCAIBAQ5A,Piltover & Zaun,Ionia,Ezreal,Karma,None,None,767
22,CICAGAIACULCMAICAAEQKAICAYERCFBMAEBAEBIDAIAQEFRUAEAQAAYCAIAAOCAA,Demacia,Ionia,Lucian,Zed,None,None,744
23,CIBAKAIDA4ERIJZXAYAQIDARDQTCOLICAEAQGIYBAECCQAQBAECAQAQBAMGSK,Noxus,Piltover & Zaun,Draven,Jinx,Teemo,None,710
24,CIBAIAIBBQKBOGAHAECQCDYTDUUDMNYCAEAQCJYCAECSCLYBAEAQKGI,Freljord,Shadow Isles,Anivia,Tryndamere,None,None,710
25,CIBQEAIDCQXACAQDBEEACBABDMPSIJZNGQ5ACAQBAMCBMAYBAEBSGAIBAQYQCAQEAY,Noxus,Piltover & Zaun,Draven,Ezreal,None,None,698
26,CIBAGAIEDMSDIBYCAYEAWGQ4EEWTUAQBAECC2BACAYERIHJRAA,Piltover & Zaun,Bilgewater,Ezreal,Twisted Fate,None,None,664
27,CIBQKAIEBAMRWNB2AQAQCBALCYQAEAQBAIFAEAIBAQPQEAQBAUEACAIBAEZA,Piltover & Zaun,Freljord,Teemo,Sejuani,None,None,658
28,CIBAKAIDAQMBUHZBA4AQCBALCYPCMKRQAEAQEAICAEBACAZTGU,Noxus,Freljord,Ashe,Sejuani,None,None,639
29,CIBQIAIFCQVTCNAFAEAAMDY2EEVAEAQAAEEQEAICAABAEAIFAEUACAICAACQ,Shadow Isles,Demacia,Thresh,Lux,None,None,639
30,CIBAEAICCMQAUAIAAEEQWDYVDIOSKKZNAEBACAAHGQAA,Ionia,Demacia,Shen,Fiora,None,None,621
31,CIBQKAQGBALCMLJ2AUAQGAQPDYSSQAQCAMBQIAQBAEBS6AICAYQAA,Bilgewater,Noxus,Miss Fortune,Gangplank,None,None,618
32,CIBQGAIFDUUDMAQCAUEAUBQCAYOSKJZPGU4AGAICAYWACAIFB4AQEBIHAEAQCBIZ,Shadow Isles,Bilgewater,Maokai,Nautilus,None,None,600
33,CIBQKAIDAQMBUHZBAUAQCCYWDYTDAAICAEBAEAIBAEVACAIDGUBQCAIDGMAQCAIBAEBACBY,Noxus,Freljord,Ashe,Sejuani,None,None,595
34,CICAEAIDFY3QCAQDBECACBJIFMYTKAQCAUAQUAQCAEBQIMYEAECQCDZEHAAQCAIDCY,Noxus,Shadow Isles,Elise,None,None,None,564
35,CIBAIAIEDMSC2NAIAIDAQCY2DQQS2MJ2AEBAEBQJCQAA,Piltover & Zaun,Bilgewater,Ezreal,Twisted Fate,None,None,548
36,CIBAKAIBBQKBKGBHAYAQKAIPDUUDMNYCAEAQCFYBAECQIAQBAEATIAQBAUMSC,Freljord,Shadow Isles,Anivia,Tryndamere,None,None,513
37,CICAGAICBAHS4AICAICQGAIDEQXDOAQCAMDQSAYCAEBAEJICAEBQINQBAIBQCAQBAIBQGAQBAIYTQ,Ionia,Noxus,Yasuo,Swain,None,None,480
38,CIBAGAICBQVTCCIBAABQSDI2EESSQKRNAIAQCABJAEBAAAIA,Ionia,Demacia,Lux,Fiora,None,None,476
39,CIBQIAQGBEIBUKYHAECACDA4E4UDINYBAICAGAQBAECBUAICAYDQA,Bilgewater,Piltover & Zaun,Twisted Fate,Jinx,None,None,451
40,CIBQCAIBCYBAEAICA4FAEBQFBMKBMHBBFUYTUPQAAEAQEBQR,Freljord,Bilgewater,Sejuani,Miss Fortune,None,None,444
41,CIBQCAIBCYBQEAICAYDQOAQGAUEBKFRNHI7ACAYCAYFRIHABAEBAMEQ,Freljord,Bilgewater,Sejuani,Miss Fortune,None,None,438
42,CIBQGAIBAMLCEBQBAUPCQKZQGE2QCAQFAQBQCAQBA4BQCBIHBMMQCAQFAEAA,Freljord,Shadow Isles,Kalista,Elise,None,None,438
43,CIBQCAIBCYBAEAICA4FAEBQIBMKBMHBBFUYTUPQAAEAQEBQR,Freljord,Bilgewater,Sejuani,Miss Fortune,None,None,433
44,CIBQCAIFAMEACAYCBAHRIHRFFAXQGAQDAMCAKAIBAEBSMAICAEBQWLQ,Shadow Isles,Noxus,Draven,Darius,None,None,422
45,CIBQCAIBEIEACBIOCAPCQKZQGE2QGAQFAECAMAICAECQWGIA,Freljord,Shadow Isles,Kalista,Elise,None,None,406
46,CIBACAIBCYEQCAQCAYEQYEIUFQZDSAYBAIAQOAIBAIKQCAQCAUBACAIBAQBQCARGGE2A,Freljord,Ionia,Zed,None,None,None,397
47,CIBQKAIABIHRUGZWAYAQKGRAFAUTCNQBAICQIAQBAEAAEAIBAUHQA,Demacia,Shadow Isles,None,None,None,None,392
48,CIBQCAIBCYAQEAICBEBAMBIIBMKRMHBBHI7AEAICAEDQEAQGCQWQCAICAYIQ,Freljord,Bilgewater,Sejuani,Miss Fortune,None,None,381
49,CICAIAICAIHSKOAEAEBQIJBOGYBAEAQCAUBAEAYHBEBACAICGEAQEAYBAA,Ionia,Noxus,Yasuo,Swain,None,None,374
50,CIBAGAIDAMKCOCQBAQAQYDI4EYTSQLJUG4AACAIBAQNQ,Noxus,Piltover & Zaun,Draven,Jinx,None,None,368
51,CIBAIAIDAMKCONYIAECACDANDQTCOKBNAIAQCBBUAEBAGAYA,Noxus,Piltover & Zaun,Draven,Jinx,None,None,347
52,CIBAIAIFDUUDCNAHAIDAICASEARCMLICAEAQKFABAIDAKAQBAIDBYAQBAUATM,Shadow Isles,Bilgewater,Thresh,Gangplank,None,None,346
53,CIBQIAIEDMPSINADAEBAEKJZAMBAEAYFBEBQEAIEAE5AEAICAQYQCAQCAEAA,Piltover & Zaun,Ionia,Ezreal,Karma,None,None,329
54,CIBQMAIEBAMRWHZUHICACAIDAQQCUAYCAEBAOCQAAEAQCAJS,Piltover & Zaun,Freljord,Teemo,Sejuani,None,None,322
55,CIBQGAIDAITSQAICAMBQMAIEBQOCMJZNGQBAEAIDAMKAGAIEBAISQAA,Noxus,Piltover & Zaun,Draven,Teemo,Jinx,None,321
56,CIBQEAIEBATQSAICAYEQYEIXEYYTEOIBAIBAUAQBAEBDAAIBAQ2AA,Piltover & Zaun,Ionia,Teemo,Zed,None,None,315
57,CIBAEAIDAQQQSAIBAQDQWFQ6EYUTAMQCAEAQGNICAEAQSKQBAEBACAQ,Noxus,Freljord,Ashe,Braum,Sejuani,None,310
58,CICACAIEBAAQEBADA4AQEBQJBQIRIMRZAEBAEBICAQAQEFJMFY2ACAQCBIAA,Piltover & Zaun,Ionia,Teemo,Zed,None,None,309
59,CIBQIAIDCQMSONYHAECACDA4EYTSQLIBAICAGAICAECA2NYA,Noxus,Piltover & Zaun,Draven,Jinx,None,None,300
60,CIBQEAQGBALAMAIAAEERMHJHFMAQEAAKAICACAAVDISSMAQCAAEASAIBAIAAO,Bilgewater,Demacia,Miss Fortune,Lucian,None,None,298
61,CIBQEAIEDM2ACAQEBADACBI5EEUDENJWAMAQCBBQAEBAIBQDAECQCMJYAIAQCBA7AIAQKDYZ,Piltover & Zaun,Shadow Isles,Vi,Elise,None,None,286
62,CIBQCAICFECQCBA3D4SCWNAEAIBACAYFBEBACAIEAECACAQCFYYTQAA,Ionia,Piltover & Zaun,Karma,Ezreal,None,None,285
63,CIBAKAIECANTENBYA4AQAGA2EESSQKRPAEAQEAAHAIAQCBBRAEBAABI,Piltover & Zaun,Demacia,Heimerdinger,Lux,None,None,272
64,CIBAEAQGCANAQAIEAEGBYJZIFU2DOAYBAECCMAICAQBQGAQGA4ESWAA,Bilgewater,Piltover & Zaun,Twisted Fate,Jinx,None,None,266
65,CICACAIEBAAQEBADBIAQEBQJBQIRIFJIFQYTEAICAICQAAIBAEBAE,Piltover & Zaun,Ionia,Teemo,Zed,None,None,264
66,CIBQGAQGCY5D4AYBAAER2KYDAIAAMCIKAMAQEBQIAMAQAFI2GMAQEAAHAIAQEBQFAIAQAJJJ,Bilgewater,Demacia,Miss Fortune,Quinn,None,None,263
67,CIBQIAQGBEIBUKYHAECACDA4E4UDINYBAICAGAICAECBULIA,Bilgewater,Piltover & Zaun,Twisted Fate,Jinx,None,None,259
68,CIBQIAIEBAITINQGAEBQEDY6EUUC6AQCAMBQIAICAECB6JYA,Piltover & Zaun,Noxus,Teemo,None,None,None,258
69,CIBAGAIFB4UDMBQBAEBQYFAYE4UQEAIBAELQIAIFAEJRIHICAEAQCNACAECRSII,Shadow Isles,Freljord,Anivia,Tryndamere,None,None,249
70,CIBAKAIFAMKCQMJUA4AQCAYHBMJB4JRSAEAQCAJKAEBACBIBB4,Shadow Isles,Freljord,Thresh,Ashe,None,None,244
71,CIBQIAIFCQVTCNAFAEAAMDY2EEVAGAQAAEBASAIBAECSQAQBAECQCAICAACQ,Shadow Isles,Demacia,Thresh,Lux,None,None,243
72,CIBQCAIDFYBQEAYHBAEQMAIEDMPSIKZRGQBACAIDFMBQCBA2E45AEAIBAMLACAQDAE,Noxus,Piltover & Zaun,Swain,Ezreal,None,None,239
73,CIBQEAIEBA5AGAICAIZDSBACAIAQGCIKAMAQCBA3AIAQEBBXAIBAEBIGAEBQCAQYFEYQ,Piltover & Zaun,Ionia,Teemo,Lee Sin,Karma,None,239
74,CICAEAIDAQXAIAQDAEDQQCIGAECBWHZEE42DUAICAQAQAAIBAICAM,Noxus,Piltover & Zaun,Swain,Ezreal,None,None,237
75,CIBAGAIEDMSDICACAYEAWGQ4DUQS2OQCAEAQIHYCAIDAIFABAEBAMEQ,Piltover & Zaun,Bilgewater,Ezreal,Twisted Fate,None,None,232
76,CIBAIAIDAQMB6IIFAEAQWFQ6EYYAGAQBAECCUAYBAMNDGNIBAIAQEAIBAIAQO,Noxus,Freljord,Ashe,Sejuani,None,None,225
77,CIBAOAIBAMCASFRFFYZAIAQBAEBAMBYBAMAQCDIUGYAQCAIBAU,Freljord,None,Braum,Sejuani,None,None,220
78,CICAIAIABQHRUMICAIAACCQFAEAQQCIQDE2QEAQBAMDQAAIBAEAQI,Demacia,Freljord,Garen,Braum,None,None,219
79,CIBQGAIBAQERMAICAEDQQAICAIDASFI2FAWDSAICAEBBOMIA,Freljord,Ionia,Braum,Zed,None,None,218
80,CIBQEAQGBALAOAIAAEERUHJFE4VQGAQAAYEQUAQBAEABKAICAADQA,Bilgewater,Demacia,Miss Fortune,Quinn,None,None,216
81,CICAGAIBBEFTEAICAEDQGAIDAQPC4BICAMAQGBYIBEBACAIBA4AQEAYEAA,Freljord,Noxus,Braum,Swain,None,None,214
82,CIBAEAIDCQ3QQAIEAEGBYJZIFU2DMBABAECA2AICAQBQEAIDDETQCAQDAMAA,Noxus,Piltover & Zaun,Draven,Jinx,None,None,210
83,CIBAEAIDEUUAOAQGBAFRUIBBFU5AEAQBAMCB6AQCAYKBYAQCAIDAEEQDAEBRMLZT,Noxus,Bilgewater,Twisted Fate,Gangplank,None,None,208
84,CIBAMAIFBYIB4KBQGEAQEBIGAICQCBIUDEQCEKQCAICQCBABAUAQKAJBEM2DM,Shadow Isles,None,Kalista,Hecarim,Thresh,None,205
85,CIBAQAIFA4HBAHRIFIYTMAICAUDACBQBAUAQGDYUDUVQCAIBAUJQ,Shadow Isles,None,Kalista,Hecarim,None,None,202
86,CIBQIAQGBEIBUKYHAECACDA4E4WTINYBAICAGAQBAECCMAICAYXAA,Bilgewater,Piltover & Zaun,Twisted Fate,Fizz,None,None,201
87,CIBQGAIBAMLCEBIBAUPCQMBRGUBQEBIBAQDAEAICAEDQEAIFA4MQCAIBAUFQ,Freljord,Shadow Isles,Kalista,Elise,None,None,199
88,CIBAGAIDAQPSCBQBAEBQWFRGFEYAGAQBAMMDKAYBAECB4KQBAIAQEAIBAEBTG,Noxus,Freljord,Ashe,Sejuani,None,None,194
89,CICAEAIBAQQAEAQBAIDQKAIEBAMRWNB2AEBAICQCAEBACCQDAECCOMJVAIAQCAJKAEAQIGQ,Freljord,Piltover & Zaun,Sejuani,Teemo,None,None,193
90,CIBQCAQGCYDQCAABBEFRUHJHFMBAEAAGBEBAGAIACUUTGAQCAADQUAA,Bilgewater,Demacia,Miss Fortune,Quinn,None,None,185
91,CIBAKAIFAEOSQNRXA4AQCDAUCULRQIJHAEAQCBIPAIAQCAJUAEAQKGI,Shadow Isles,Freljord,Anivia,Tryndamere,None,None,185
92,CIBQCAIDFYBQEAYHBAEQKAIEDMPSIKZUAMAQCAZLAEBAGAIEAECBUJZRHIAQCAIDCY,Noxus,Piltover & Zaun,Swain,Ezreal,None,None,183
93,CIBQEAIFAM2QQAIDAIEA6HRFEYUC6AYCAMBQIBIAAEAQCBIZ,Shadow Isles,Noxus,Elise,Darius,None,None,179
94,CICAIAICAIEA6OIBAIBAKBABAMPCILRPAIBAGBYJAIAQCAZWAEBAGAIDAEAQGEYBAEBDCAICAIDQ,Ionia,Noxus,Yasuo,Swain,None,None,177
95,CIBAGAQDAMDQSCICAYCAQCY2DQQS2MJ2AEAQEBQUAIAQCAYEAEBAGAI,Noxus,Bilgewater,Swain,Twisted Fate,None,None,174
96,CIBQKAIFAMKCQLZRAUAQIAI3D4SDIAICAQDAEAIBAQ5AEAIFAEVQCAIBAUHQ,Shadow Isles,Piltover & Zaun,Ezreal,None,None,None,172
97,CIBQCAICFEBQEAQDAUEQMAIEAENR6JBUHIBACAIEE4CACAQCAQYTQAA,Ionia,Piltover & Zaun,Karma,Ezreal,None,None,172
98,CICACAICB4BAEAQCAUBQCAZEFY3QGAQDAEDQSAYBAEBTMBABAIBCKLRYAEBAECIBAEAQEMI,Ionia,Noxus,Yasuo,Swain,None,None,170
99,CIBQEAIDAQXAIAQDAEDQQCIHAECBWHZEE4VTIOQAAEAQCBBR,Noxus,Piltover & Zaun,Swain,Ezreal,None,None,170
100,CIBQGAICFEXDKAQCAICQSBQBAUKB2KBLGQ3ACAYBAUAQ6LQBAEAQEMI,Ionia,Shadow Isles,Karma,Thresh,None,None,168
101,CIBQIAQGDIOSMPIHAEAQICIWDUQCSLQBAIAQOAICAEAQGCQA,Bilgewater,Freljord,Twisted Fate,Braum,None,None,167
102,CIBQEAIFAMHQSAIABEGBUHJBE4VS2MYBAIAASAACAMAQACQPCUAQEAAH,Shadow Isles,Demacia,Garen,Fiora,None,None,167
103,CICAGAIBBELC4AQCAEBAOBABAMPCALZQAIBAGAYEAIAQCAYYAIAQCBBSAEAQEAII,Freljord,Noxus,Braum,Sejuani,None,None,162
104,CIBQKAIEBAMRWNB2AUAQCBALCYQDEAQCAEBAUAIBAIAQKAQBAECB6AICAEEA,Piltover & Zaun,Freljord,Teemo,Sejuani,None,None,159
105,CIBQCAIBEIEACBILCAPCQKZQGE2QGAQFAECAMAICAECQOGIA,Freljord,Shadow Isles,Kalista,Elise,None,None,159
106,CIBAGAIEDMSDIBYCAYEAWGQ4EEWTUAQCAECB6LIDAIDASFBRAA,Piltover & Zaun,Bilgewater,Ezreal,Twisted Fate,None,None,158
107,CIBQCAQGCYDACAABBEFR2JZLAMBAABQJBIBAGAIADISTGAICAADQCAQBAAKSS,Bilgewater,Demacia,Miss Fortune,Quinn,None,None,156
108,CIBQIAIADIUCSKQFAEAQQCIQDE2QEAQBAMDQEAIBAEZAEAIACUYQCAIBAAZA,Demacia,Freljord,Lux,Braum,None,None,154
109,CIBQEAQGBALAMAIAAEERMHJGFMBAEAAJBIBAGAIACUNCOAICAADQEAIBAASQCAQABA,Bilgewater,Demacia,Miss Fortune,Lucian,None,None,153
110,CIBAIAICBQUSWNYHAEAAGCI2DUQCKLICAEAQABYCAEBAEMIBAEBAAAI,Ionia,Demacia,Karma,Fiora,None,None,151
111,CIBQIAIFAEOSQMIFAEAQGCIUDAZACAQBA4AQIAIFAMHRIKYCAEAQCCYBAECTM,Shadow Isles,Freljord,Braum,Anivia,None,None,150
112,CIBAEAQGAURQOAIFBMNCAKJQGE5AEAQCAYARCAYBAUOSQNQBAMAQKDYZHE,Bilgewater,Shadow Isles,None,None,None,None,147
113,CIBAGAIEDMSDICICAYCAQCY2DQOSCLJ2AIAQCBA7AEBAMFAA,Piltover & Zaun,Bilgewater,Ezreal,Twisted Fate,None,None,145
114,CIBAGAIDCQTTOCIBAQAQYDI4E4UC2NBXAIAQCAYDAEAQIJQA,Noxus,Piltover & Zaun,Draven,Jinx,None,None,143
115,CICAGAIDCQVS4AICAMEQMAIEAENR6JBRGQAQEBAGAIAQCAZXAIAQIJZ2AEAQCAYW,Noxus,Piltover & Zaun,Draven,Ezreal,None,None,143
116,CIBQEAQGBALAMAIAAEERKHJHFMBQEAAGBEFAEAIBAASQEAQAAIDQCAIBAAUQ,Bilgewater,Demacia,Miss Fortune,Quinn,None,None,143
117,CIBACAIEEQFAEBQEBAEQWEQ2DQQS2MICAEBAMFACAECB6NABAEAQIGY,Piltover & Zaun,Bilgewater,Ezreal,Twisted Fate,None,None,142
118,CIBAEAQFBAFAWAQGAELR2HRFE4WC6NJWHAAACAICAUBQ,Shadow Isles,Bilgewater,Maokai,Nautilus,None,None,141
119,CICAKAICAIEA6JJZAMAQGLRWG4AQEAQFAMBAGAIHBEBACAICGEAQCAZEAA,Ionia,Noxus,Yasuo,Swain,None,None,139
119,CICAKAICAIEA6JJZAMAQGLRWG4AQEAQFAMBAGAIHBEBACAICGEAQCAZEAA,Ionia,Noxus,Yasuo,Swain,None,None,139
120,CICAKAICAIEA6JJZAMAQGLRWG4AQEAQFAMBAGAIHBEBACAICGEAQCAZEAA,Ionia,Noxus,Yasuo,Swain,None,None,139
120,CICAKAICAIEA6JJZAMAQGLRWG4AQEAQFAMBAGAIHBEBACAICGEAQCAZEAA,Ionia,Noxus,Yasuo,Swain,None,None,139
121,CIBQCAIFAMEQCAYCBAHRIHRFEYUC6AYCAMBQIBIAAEAQCAZO,Shadow Isles,Noxus,Draven,Darius,None,None,137
122,CIBQCAICAMCACBIEC4VDCAQCAUAQIAQCAEBAEMIFAECQYFI6FAYAGAIBAIMAGAIFAMDRIAICAUEA,Ionia,Shadow Isles,Hecarim,Kalista,Maokai,None,136
123,CIBAEAQGAURQMAIFDIQCSMBRHIBAEAQGAEIQKAIFAEFR2KBWAEBACBIPDE,Bilgewater,Shadow Isles,None,None,None,None,134
124,CICAEAIDFY3QEAQDAMEQMAIFEQUCWMJVHAAQEBIBAIAQCAYEAIBAGAIHAEAQEBII,Noxus,Shadow Isles,Elise,Swain,Maokai,None,133
125,CIBAIAIEDMSC2NAIAIDAQCYUDIOCCLJ2AEBAEBQ5GEAA,Piltover & Zaun,Bilgewater,Ezreal,Twisted Fate,None,None,132
126,CIBAGAIFFAYTIBICAYCAQIBCFUBAGAIFCQOS4AYCAYJBYJQCAEBAMAQDAECQCDZW,Shadow Isles,Bilgewater,Thresh,Gangplank,None,None,131
127,CIBQGAIBAMLCEBIBAUPCQMBRGUBAEBIEAYBQCAQBA4BQCBILCYMQCAQFAEAA,Freljord,Shadow Isles,Kalista,Elise,None,None,130
128,CIBAQAIFBEHBAKBKFMYTIAICAUCAEAQBAIBDCBABAUBRIHJWAEAQCAQY,Shadow Isles,Ionia,Hecarim,Thresh,None,None,130
129,CIBQEAICBEMAIAIFC4UCUMIDAICQCBQJAIBACAQGGECACBIHCQKS6AIBAECQG,Ionia,Shadow Isles,Zed,Hecarim,None,None,129
130,CIBAGAIDCQTTOCIBAQAQYHBGE4UC2NBWAIAQCAZDAEAQIDIA,Noxus,Piltover & Zaun,Draven,Jinx,None,None,129
131,CIBAEAIEEQ2AIAQGBAFSALIDAQAQIHZHGAZQCAQEAYDAEBQCAQJBIHB2AA,Piltover & Zaun,Bilgewater,Ezreal,Gangplank,None,None,128
132,CIBAEAIBAQLAWAICAIDASDARCULSQLBSHEAACAIBAIYQ,Freljord,Ionia,Zed,None,None,None,127
133,CIBAGAIDAQPSCBYBAEBQWFQ6EYUTAAYBAEBTKAQBAECCUAICAEBAEAIBAMZQCAQBA4,Noxus,Freljord,Ashe,Sejuani,None,None,127
134,CIBQCAQGCYEACAABBEFRKGQ5E4VQEAQAAYEQEAQBAAUTGAICAAFACAICAADQ,Bilgewater,Demacia,Miss Fortune,Quinn,None,None,125
135,CIBAGAIDAQPSCCIBAEBQIBYLCYTCSKRQAIAQCAI6AEBACAQA,Noxus,Freljord,Ashe,Sejuani,None,None,125
136,CIBQCAQGCYDQCAABBELB2JRHFMBAEAAJBIBAGAIACUNCKAQCAADQQAA,Bilgewater,Demacia,Miss Fortune,Lucian,None,None,123
137,CIBQCAIDCQFACBABBQGRYJRHFAWTINQBAICAKAQBAEBSOAIBAQIQA,Noxus,Piltover & Zaun,Draven,Jinx,None,None,122
138,CIBASAIAAEEQWDA2DUVS2MYBAIAASAYCAECQGDYCAEAA6FIBAIAAOAA,Demacia,Shadow Isles,Garen,Fiora,None,None,122
139,CIBQCAIBCYBAEAICA4EQEBQFBAFRIFQ4EE5D4AICAIDBCFIA,Freljord,Bilgewater,Sejuani,Miss Fortune,None,None,121
140,CIBQIAIBBMLCMMAFAEBQIGA2D4QQCAQBAIBQCAIDGUBQCAIEDYVACAQBA4AA,Freljord,Noxus,Ashe,Sejuani,None,None,121
141,CIBQGAIBAQLCABQBAQEBSJZUGU5AEAQEA4EQEAICAQFAEAQBAIFACAIBAQNA,Freljord,Piltover & Zaun,Teemo,Sejuani,None,None,120
142,CIBQIAICAYERCOIEAEBQ6HRFF4BAEAYDAQBACAIDAIBQCAQCEYWAEAIBAMMQCAQCBI,Ionia,Noxus,Zed,None,None,None,120
143,CICAGAIBAMETEAICAEDQGAIDAQPC4BQCAMAQGBAHBAEQAAIBAEARI,Freljord,Noxus,Braum,Swain,None,None,119
144,CIBAGAIDAQPSCBQBAECAWFRGFEYAGAIBAM2QGAIBA4PCUAICAEBAEAQBAEAQGAICAEDQ,Noxus,Freljord,Ashe,Sejuani,None,None,117
145,CIBQKAQGBALCAJR2AUAQGAQPDYSSQAQCAMBQIAQBAEBS6AICAYWQA,Bilgewater,Noxus,Miss Fortune,Gangplank,None,None,115
146,CICACAIDAQBQEAYBA4EQIAIBAMCBMMQEAIAQCAQGA4AQEAQDAMEAA,Noxus,Freljord,Swain,Sejuani,None,None,114
147,CIBQCAQGCYEACAABBELB2JJGE4VQEAQABEFAGAICAYEACAIACUAQEAAHAEAQEAAI,Bilgewater,Demacia,Miss Fortune,Lucian,None,None,114
148,CIBQEAIBAQLACAQBA4EQEBQFBAIRIJBGHE5D2AQBAEAQKAICAYSQA,Freljord,Bilgewater,None,None,None,None,113
149,CIBAGAQFA4EAUBQCAYLSOLBPGU4AEAQCAYOSKBABAUAR2KBWAEAQEBQ6,Shadow Isles,Bilgewater,Maokai,Nautilus,None,None,111
150,CIBQKAIDAQMBUHZBAUAQCCYWDYTDAAICAEBAEAIBAM2QEAIBAQVACAIBAMZQ,Noxus,Freljord,Ashe,Sejuani,None,None,111
151,CIBQCAIDFYBQEAYDA4EQOAQGAQEAWGQ4EYWQEAIBAMCAEAQDAEEACAICAYJA,Noxus,Bilgewater,Swain,Twisted Fate,None,None,107
152,CIBQEAICAIUQEAQCAMEQMAIEDMPSIKZUHIBQCAIEAEBACAQEGEBAEAQBAUAA,Ionia,Piltover & Zaun,Karma,Ezreal,None,None,107
153,CIBQKAIEBAMRWNB2AQAQCBALCYQAGAQBAICQUAQBAECDKAICAEEAA,Piltover & Zaun,Freljord,Teemo,Sejuani,None,None,105
154,CIBQCAQGCYEACAABBEKRUHJHFMZQGAQAAMDASAIBAIAAOAICAEAAWEQ,Bilgewater,Demacia,Miss Fortune,Quinn,None,None,104
155,CIBQGAQGDIVS2BQBAQARYHZEFU2ACAQEBIBAEAQGA4EQGAIEBQTCOAA,Bilgewater,Piltover & Zaun,Twisted Fate,Ezreal,None,None,103
156,CIBAGAIEDMSDIBYCAYEAWGQ4EEWTUAQBAECC2AYCAYERIMICAEAQIHYBAICAM,Piltover & Zaun,Bilgewater,Ezreal,Twisted Fate,None,None,103
157,CICAEAICBQHQCAQCAUBQCAZEFY3QGAQDAEDQSAYBAEBTMBABAIBCKLRYAEBAECIBAEAQEMI,Ionia,Noxus,Yasuo,Swain,None,None,103
158,CICAIAICAIGCMOIFAECBAGZHGQ4AEAQCAEEQCAQEBAAQEAICEUYQA,Ionia,Piltover & Zaun,Heimerdinger,Vi,None,None,103
159,CIBAKAIBBQKBQJZJAYAQKAIPDUUDMNYCAEAQCFYBAECQIAQBAEATIAQBAUMSC,Freljord,Shadow Isles,Anivia,Tryndamere,None,None,103
160,CIBAEAQBAIDQWAQGAUEAWDIUDQQCCIRRHIAACAICAEEA,Freljord,Bilgewater,Sejuani,Gangplank,None,None,102
161,CIBAGAIEDMSDICICAYEAWEQ2DQQSMLJ2AEAQEBQ5AIAQCBA7AEBAMBA,Piltover & Zaun,Bilgewater,Ezreal,Twisted Fate,None,None,101
162,CIBAIAIDAMKCGJYIAECACDANDQTCOKBNAIAQCAYLAEAQINAA,Noxus,Piltover & Zaun,Draven,Jinx,None,None,100
163,CIBQGAIDAQPSCBYBAEBQWFQ6EYUTAAICAEBAEAQBAECCUAICAEDQCAIBAM2Q,Noxus,Freljord,Ashe,Sejuani,None,None,99
164,CIBAIAIDAQMB6IIFAEAQWFQ6EYYAGAIBAMNAGAIBAQVDEAICAEBAEAICAEDQEAIDGM2Q,Noxus,Freljord,Ashe,Sejuani,None,None,99
165,CIBAEAIEEQ2AUAQGAQEAWFA2DQQS2MJ2AIAQCBA3AEBAMHIA,Piltover & Zaun,Bilgewater,Ezreal,Twisted Fate,None,None,99
166,CIBAGAIFFA3DOCABAEBQYFAXDATSSMQCAEAQCCYCAECQ6HIBAEAQKAI,Shadow Isles,Freljord,Anivia,Tryndamere,None,None,99
167,CIBQEAIBAMRAOAIFA4FR4KBLGAYQGAQFAECAMAQBAECRSAICAEDQA,Freljord,Shadow Isles,Kalista,None,None,None,98
168,CIBAEAIBAQLAUAICAIDASDARCUUCYMRZAIAQCARRAEBAEBIA,Freljord,Ionia,Zed,None,None,None,97
169,CIBQEAIFDUUAEAQFBAFAKAQGDUTS6NJYAMBAEBRFFQBACBIZGYAQEBIHAIBACBJLFYAQEBID,Shadow Isles,Bilgewater,Maokai,Nautilus,None,None,96
170,CIBQMAIAAYHRUIJKGECQCAIIBEIBSNICAIAQGBYAAEAQEAAB,Demacia,Freljord,Lux,Braum,None,None,96
171,CIBAGAICA4JSABIBAAESKKZNGQBAMAIAAMFRKGQ5D4AQEAAFAEBACAAHEA,Ionia,Demacia,Shen,Fiora,None,None,96
172,CIBAIAIBAQLDAMQFAECA2JZIFU2AGAQBAEOR4AYBAQAQYJQBAICAMAIBAECBC,Freljord,Piltover & Zaun,Jinx,None,None,None,96
173,CICAIAIBAMDRMKIBAIAQOBIBAACAWGRLFUBAEAAJBIBACAQAAEAQEAICAA,Freljord,Demacia,Fiora,Sejuani,None,None,95
174,CICAEAIDDYXQGAQDAEDQQAQBAELC4BACAEAQEBQJAIAQCAJSAIBAGAYGAEAQEAYE,Noxus,Freljord,Swain,Sejuani,None,None,95
175,CIBQCAIBCYEQCAQCAYEQYEIUFQZDSAICAICQEAIBAI2ACAQBA4BACAIBAQBACARKGE,Freljord,Ionia,Zed,None,None,None,95
176,CIBAGAIDAQPSCBIBAEFRMJRJGABQCAIDGUCQCAIDAQDR4KQBAIAQEAQBAEAQCAIBAMZQ,Noxus,Freljord,Ashe,Sejuani,None,None,95
177,CIBQMAQGAQEBUHJGFUBACAZOG4CQEAYBAMDQQCIAAEAQEBQ4,Bilgewater,Noxus,Twisted Fate,Swain,None,None,94
178,CIBQMAIEBAIRYJZNGQCACBJGFAXTCAQCAUAQIAQBAECAYAICAQBQA,Piltover & Zaun,Shadow Isles,Teemo,None,None,None,93
178,CIBQMAIEBAIRYJZNGQCACBJGFAXTCAQCAUAQIAQBAECAYAICAQBQA,Piltover & Zaun,Shadow Isles,Teemo,None,None,None,93
179,CIAAABASAECQCAYPCQMRUHJBEMUCWMJSGQ2TMNZYAEBAKAISAEAQCAYEA4EQWEQUCYLRQHREEYUSUMBSAMBACAQGA4,Shadow Isles,Freljord,Thresh,Elise,Braum,Anivia,93
180,CIBQMAIEBAIRYJZNGQCACBJGFAXTCAQCAUAQIAQBAECAYAICAQBQA,Piltover & Zaun,Shadow Isles,Teemo,None,None,None,93
180,CIBQMAIEBAIRYJZNGQCACBJGFAXTCAQCAUAQIAQBAECAYAICAQBQA,Piltover & Zaun,Shadow Isles,Teemo,None,None,None,93
181,CIBQGAIDCQXDOAICAMEQQAIEAENR6JBHGE2DUAQBAEBRMAICAQDAA,Noxus,Piltover & Zaun,Draven,Ezreal,None,None,91
182,CIBQGAIDAQPSCBYBAECAWFQ6EYUTAAICAEBAEAIBAM2QEAIBA4VACAIBAMZQ,Noxus,Freljord,Ashe,Sejuani,None,None,91
183,CIBQGAQGCANCWCABAQAQYHBHFAWTINYBAICAGAQBAECBUAICAYDQA,Bilgewater,Piltover & Zaun,Twisted Fate,Jinx,None,None,91
184,CIBAGAIAEEVDEBIBAIAQEBBJGEBQCAQCAUDACAAPC4MBUKBQAEBAABIA,Demacia,Ionia,Lux,Karma,None,None,90
185,CIBAEAQDAEDQOAQGAQEAWGRNGI5AGAQCAYKBYAIBAMLAGAQDAMEASAIBAIDAY,Noxus,Bilgewater,Swain,Twisted Fate,None,None,90
186,CIBQIAIFAEBR2MIFAEAQGCIUDAZACAQBA4AQKAIFB4KCAKBLAA,Shadow Isles,Freljord,Braum,Anivia,None,None,89
187,CIBQCAIBCYBAEAICA4DAEBQVCYOC2OR6AIAQEAIGAUBAMBIIBMKBWAIBAIDBC,Freljord,Bilgewater,Sejuani,Miss Fortune,None,None,89
188,CIBQEAIDD4QQOAIBBMLB4JRJFIYACAQBAIBAEAIBAMCAGAIDAQMDKAA,Noxus,Freljord,Ashe,Sejuani,None,None,88
189,CIBQCAQGCYDACAABBELB2JZLAIBAACIKAMAQEBQIAQAQAFI2EUTACAQABAAQCAQAA4,Bilgewater,Demacia,Miss Fortune,Lucian,None,None,87
190,CIBAKAIEBYIBWNBYAYAQADYXDIQSQKQDAEBAIBQBAEACSAICAAFACAICAACQ,Piltover & Zaun,Demacia,Heimerdinger,Lux,None,None,87
191,CIBAGAIDFYZTOBIBAUUDCMRVGYBQEAIDAQLACAQDBECQCBIBB4RSWOAA,Noxus,Shadow Isles,Elise,None,None,None,87
192,CIBQCAQGHIAQCAIDAIBACBQJAMBACAIUFIBAEAICAQDQEBQBAQFREHBAFUBQCAIBEEBQEBQCCQZAEAQBAUEA,Bilgewater,Freljord,Sejuani,Gangplank,None,None,87
193,CIBQGAIDFYZTOAICAMEQQAIFAEOSQKZRGI2TMAQBAEBRMAIBAUHQA,Noxus,Shadow Isles,Elise,None,None,None,86
194,CIBQKAQGBAHB2LJOAUAQIGY7EQ2DUAICAQDAEAIBAQAQEAQGCQOACAIBAQYQ,Bilgewater,Piltover & Zaun,Fizz,Ezreal,None,None,86
195,CIAAEBQBAUARSHJIFM3ASAIBAEDQWFQ2EQTDENYCAMAQKDZBGEDQCAIJCMKCOKBJHA,Shadow Isles,Freljord,Ashe,Braum,Tryndamere,None,86
196,CIBQCAIFFABAEBIIBIDAEBQ5E4WC6NJYAMBAEBRFGYBQCBIZDU3ACAQFA4AQCAQFAM,Shadow Isles,Bilgewater,Maokai,Nautilus,None,None,86
197,CIBQEAIDAQXAKAIECENR6JBUAMBAGBYIBEBAEAIEDIYQEAQDAECAEAIBAQWACAQDAY,Noxus,Piltover & Zaun,Ezreal,Swain,None,None,86
198,CICAGAIABQHRUAICAAFAKAIBBAERAGJVAIBACAYHAIBACAAGGEAQEAABAEAQCAJL,Demacia,Freljord,Garen,Braum,None,None,85
199,CIBQIAIBAMERQMQBAIAQOBYBAUARIHJAFAVTCAICAECQ6NQA,Freljord,Shadow Isles,Braum,Anivia,None,None,85
200,CIBAGAIEDMSDICACAYEAWGQ4EEWTCOQCAEAQIHYCAIDAIFABAEBAMHI,Piltover & Zaun,Bilgewater,Ezreal,Twisted Fate,None,None,84
201,CIAQIAQGAULC2PQDAUAQGCYYFIWDOBQCAYAQQFI3EY5ACAQDBABACAQGEABQCAYNCYZQ,Bilgewater,Noxus,Miss Fortune,Katarina,Gangplank,None,84
202,CIBQCAIBCYBQEAICAYDQOAQGAUFRKFRNHI7ACAQCAYKBYAQBAEAQIAQCAYEBC,Freljord,Bilgewater,Sejuani,Miss Fortune,None,None,84
203,CIBQIAIBAMERQMQFAECRIHJAFAYQCAQBA4BACAIBBMCACBIBB4VTMAA,Freljord,Shadow Isles,Braum,Anivia,None,None,83
204,CIBQCAIFAMEACAYCBAHRIHRFEYUAGAQDAMCAKAICAEBQYLYA,Shadow Isles,Noxus,Draven,Darius,None,None,83
205,CIBQEAIFDUUACAQFBICQEBQ5EUTS6OADAMBAMKJMGUBACBIZGYBAEBIHBABACAIFGQAQEBID,Shadow Isles,Bilgewater,Nautilus,Maokai,Thresh,None,83
206,CIBQIAIFCQPDCNAEAEAQGBAWGIAQEAIHAIAQCAI6AUAQKBY5EAUC4AIBAEAQU,Shadow Isles,Freljord,Kalista,Thresh,None,None,81
207,CIBQCAICBEDQCAAPCULBUHJGFMBAEAAJBIBQCAQAA4BQCAQCGE4QCAQCBAAA,Ionia,Demacia,Zed,Lucian,None,None,81
208,CIBAIAIEBYIB6OAFAEAA6IJIFIYAEAQBAQNTCBABAALRUJJJAEAQCABS,Piltover & Zaun,Demacia,Heimerdinger,Lux,None,None,81
209,CIBQCAIDG4BQEAYBAMDQMAIFCQOSQKZVHAAQIAIFB4YTENQCAEAQGEYBAECQC,Noxus,Shadow Isles,Swain,Elise,None,None,81
210,CIBQEAIEBATQQAICAYEQYEIXEYYDEAICAIFAGAIBAQ2ACAICGEAQEAQFAEAQCAQV,Piltover & Zaun,Ionia,Teemo,Zed,None,None,80
211,CIBQEAIDAQQQQAIBAMDQWFQ6EYUTAAICAEBAEAQBAECCUAICAEDQCAIBAM2Q,Noxus,Freljord,Ashe,Sejuani,None,None,80
212,CICACAICB4AQEAQFAIAQGLRXAMBAGAIHBEBQEAIDEQ3AKAICAIGCKLRYAIBAEAQJAEAQCARR,Ionia,Noxus,Yasuo,Swain,None,None,80
213,CIBAKAIBBMLB4JRQAUAQGBAYDIPSCAYBAEBTKAQBAECCUAICAEBAEAIBAMZQCAQBA4,Freljord,Noxus,Ashe,Sejuani,None,None,78
214,CIBAGAIDAQPSCBQBAEBQWFRGFEYAGAIBAM2QIAIBAQDR4KQBAIAQEAIBAEBTG,Noxus,Freljord,Ashe,Sejuani,None,None,78
215,CIBAKAIEAENR6JBUAUAQKAYUFAXTCAYBAECDUAQBAUASWAICAQDAEAIBAQPACAIFB4,Piltover & Zaun,Shadow Isles,Ezreal,None,None,None,78
216,CIBAGAIFDUUDIBACAYCCAIRNAIBQEBQCBATAKAIFAEKCWMJWAMAQEBQMAEAQKEYBAICQC,Shadow Isles,Bilgewater,Thresh,Gangplank,None,None,78
217,CIBAEAQBAIDQWAQGAUEAWDIUCULBYIJ2HYAACAICAYIQ,Freljord,Bilgewater,Sejuani,Miss Fortune,None,None,78
218,CIBQEAIEC4OAMAIFEISCQKZRGUAQEBIBAMAQCBARAEAQKOADAICQEBAIAIAQCBBRAIAQKAJW,Piltover & Zaun,Shadow Isles,Elise,Maokai,None,None,77
219,CIBQEAIFB4UAGAQFA4EAUBYCAYOSKJZMF42TQAICAECQCGIA,Shadow Isles,Bilgewater,Maokai,Nautilus,None,None,77
220,CIBQGAIDAQPSCBYBAEDQWFRGFEVDAAICAEBACAQBAEBR4AQBAEAQCAQBAMZTK,Noxus,Freljord,Ashe,Sejuani,None,None,77
221,CIBAMAIEDMPSIJZUHIDAEBQICQOB2LJOAEAQEBR5AEBAEBADAY,Piltover & Zaun,Bilgewater,Ezreal,Fizz,None,None,76
222,CIBQCAIBEIDQCBI5DYUCWMBRGUAQEBIEAMAQEAIHAIAQKBYLAEBAKAICAEAQCAYEAECQMDYZHE,Freljord,Shadow Isles,Kalista,Elise,None,None,76
223,CIBAQAIFBMHBAHRIFIYDCAICAUDAEBIBAUBQOEYUGYAQEBIEAEAQEBIB,Shadow Isles,None,Kalista,Hecarim,None,None,76
224,CIBQKAQGCIRCWLJOAYAQICARD4TTINQBAICAMAICAIDAYHYA,Bilgewater,Piltover & Zaun,Fizz,Teemo,None,None,76
225,CIBQCAIDCQEACBABDMRCMKZNGQ5AGAQEAEEASAQBAEBTGAIBAQOAA,Noxus,Piltover & Zaun,Draven,Vi,None,None,76
226,CIAAEBYBAEDRMGREFYZDKCABAABQMCYSCQNB2JYCAQAQABYMFIWAMAIBBEKCAIRHFE,Freljord,Demacia,Garen,Lux,Braum,Tryndamere,75
227,CIBQCAQGCYDACAABBELB2JZLAMBAACAJBIBACAQGBABQCAAVDITAEAIBAAUQCAQAA4,Bilgewater,Demacia,Miss Fortune,Lucian,None,None,75
228,CIBAGAIDAMKCKCIBAQAQYHBGE4UC2NBXAIAQCAZHAEAQIDIA,Noxus,Piltover & Zaun,Draven,Jinx,None,None,75
229,CIBAIAIDAMKCGJYIAECACDA4EYTSQLJUAIAQCAYTAEAQIDIA,Noxus,Piltover & Zaun,Draven,Jinx,None,None,75
230,CIBQKAIDAQMBUHZBAUAQCCYWDYTDAAICAEBAEAIBAEVACAIDGUBQCAIDGMAQCAIEAEBACBY,Noxus,Freljord,Ashe,Sejuani,None,None,74
231,CIBQCAIFAMEACAYIB4KB4JJGFAXQEAQDAQCQEAQBAMBBQAICAMBQCAIBAMXA,Shadow Isles,Noxus,Draven,Darius,None,None,74
232,CIBQEAIDFY3QOAIFDYUCWMBRGU4AGAQFAECAMAQBAEBQ6AIBAUSAA,Noxus,Shadow Isles,Kalista,Elise,None,None,74
233,CIBQCAIBCYBQEAICAYDQOAQGAUEBKFRNHI7ACAYCAYFRIHABAEBAMMY,Freljord,Bilgewater,Sejuani,Miss Fortune,None,None,74
234,CIBAGAIEDMSDICICAYCAQCY2DQQS2MJ2AIAQCBA7AEBAMFAA,Piltover & Zaun,Bilgewater,Ezreal,Twisted Fate,None,None,74
235,CIBAMAQGAQJB2IBCFUDQCBIBCQOSQKZRGQAACAICAYEA,Bilgewater,Shadow Isles,Gangplank,Thresh,None,None,74
236,CIBQEAIDAQQQOAIBAMFRMHRGFEYACAQBAIAQIAIBAQDSUMQBAIAQGMZV,Noxus,Freljord,Ashe,Sejuani,None,None,74
237,CIBAGAIDAQPSCBYBAEBQOCYWEYUTAAYBAEBTKAQBAEPCUAICAEBAEAIBAEAQCAIDGM,Noxus,Freljord,Ashe,Sejuani,None,None,73
238,CIBQGAIFFAXDMBQCAYSSOLBPGU4AGAQFA4EAUAQBAECQ6AICAYOQA,Shadow Isles,Bilgewater,Nautilus,Maokai,None,None,73
239,CIBQGAQGCY5D4AYBAAER2KYDAIAAMCIKAMAQEBQIAMAQAFI2EUAQEAAHAIAQEBQFAIAQAKJT,Bilgewater,Demacia,Miss Fortune,Quinn,None,None,73
240,CIBAEAIDD4QQOAIBAMDQWFRGFEYAGAQBAMCDKAYBAECB4KQBAIAQEAIBAEBTG,Noxus,Freljord,Ashe,Sejuani,None,None,72
241,CIBQEAQGBALAKAIAAEER2JZLAMBAABQJBIBAEAIADIZQCAQAA4BACAQGHIBQCAAVEUUQ,Bilgewater,Demacia,Miss Fortune,Quinn,None,None,72
242,CIBAGAIEDMSDICICAYCAQCYSDIOCCLJ2AIAQCBA7AEBAMFAA,Piltover & Zaun,Bilgewater,Ezreal,Twisted Fate,None,None,72
243,CIBQCAIDAQBQEAYBA4EAOAQGAQEAWGRBE4WQEAIBAMLAEAQGCIYQCAICAYOA,Noxus,Bilgewater,Swain,Twisted Fate,None,None,72
244,CIBAIAIBAMFSSMAEAEBQIHZBFABQCAIDGUCACAIEDYTCUAQCAEBAOAICAEAQOKA,Freljord,Noxus,Ashe,Sejuani,None,None,72
245,CIBAGAIDCQTTOCABAQGBYJRHFAWTMNYCAEAQIDICAEBQOGIBAEAQIAI,Noxus,Piltover & Zaun,Draven,Jinx,None,None,72
246,CIBQEAIBAMRAOAIFBMMR4KZQGE2QCAQFAYBQCAQBA4BACBIPCABAEBIBAQAA,Freljord,Shadow Isles,Kalista,Elise,None,None,71
247,CIBQCAIDFIAQEAYDAUAQKIBJFMYDCAQCAEBRQLQFAECQWFRIGU5AEAQBAMZTQAYBAUAQ6OI,Noxus,Shadow Isles,Katarina,Elise,None,None,71
248,CIBQIAIEDMPSINADAEBAEKJZAQBAEAIDAUEQCAYBAQASOOQBAEAQEMI,Piltover & Zaun,Ionia,Ezreal,Karma,None,None,71
249,CIBAEAQBAIDQUAQGAUEAWDIUDQQCCIR2AEBAEBRNGEAA,Freljord,Bilgewater,Sejuani,Gangplank,None,None,70
250,CICAEAIBAMRACAQBAIDQCBI2DYUCWMBRHEBAEBIBAQAQEAIFAEMQA,Freljord,Shadow Isles,Sejuani,Kalista,None,None,70
251,CIBAKAIBAMERIGBSAUAQKAY5FAVTCAQBAIAQOBABAUAQ6FBWAA,Freljord,Shadow Isles,Braum,Anivia,None,None,70
252,CIBAEAIEGQ3AUAQGAQEAWGQ4EAQS2MJ2AIAQCBA7AEBAMEQA,Piltover & Zaun,Bilgewater,Twisted Fate,Gangplank,None,None,69
253,CIBQEAQGBALAOAIAAEERMHJGE4VQEAQABEFAEAQBAAKRUAICAADQCAIBAAZQ,Bilgewater,Demacia,Miss Fortune,Lucian,None,None,69
254,CIBAKAIBAMGBIGBSAUAQKAIUFAYTMAQBAEAR2BABAUBQ6HJAAA,Freljord,Shadow Isles,Anivia,None,None,None,69
255,CIBQEAIECE3AGAIDDYSSQAICAMCAEAQBAQTSQCABAMBAQDAPCQTCOLYBAIBAGBII,Piltover & Zaun,Noxus,Jinx,Draven,Darius,None,69
256,CIAAEBYBAMGA6EYXEYXDOCABAUAQKHJIFMZDKNQCAQAQKIRGFEYQMAIDAIEQ2KJLGM,Noxus,Shadow Isles,Darius,Elise,None,None,69
257,CIBAEAIDAQQQOAIBAMDQWFRGFEYAGAQBAMPTKAYBAECB4KQBAIAQEAIBAIAQO,Noxus,Freljord,Ashe,Sejuani,None,None,69
258,CIBAGAQFA4EAUBQCAYSSOLBPGU4ACBQBAUMR2KBLFY3ACAICAYOQ,Shadow Isles,Bilgewater,Maokai,Nautilus,None,None,69
259,CIBQGAIDAQPSCBIBAEFRMHRGGAAQEAICAMBACAYYGUBQCAIEFEVACAQBA4AQCAIDGM,Noxus,Freljord,Ashe,Sejuani,None,None,69
